{"stat.useItem.minecraft.bow":34,"stat.leaveGame":9,"stat.pickup.tombstone.familiar_stone":2,"stat.useItem.zawa.bird_meat_cooked":2,"stat.useItem.minecraft.glowstone":1,"stat.mineBlock.minecraft.sandstone":3,"stat.killEntity.PigZombie":3,"stat.drop.minecraft.enchanted_book":2,"stat.pickup.zawa.worm":32,"stat.craftItem.minecraft.shield":2,"stat.drop.minecraft.iron_sword":1,"stat.pickup.minecraft.rotten_flesh":80,"stat.pickup.iceandfire.witherbone":4,"stat.killEntity.Enderman":1,"stat.killEntity.betteranimalsplus.brownbear":1,"stat.craftItem.minecraft.iron_shovel":4,"stat.pickup.minecraft.brown_mushroom":4,"stat.drop.minecraft.sand":3,"stat.pickup.chisel.chisel_iron":1,"stat.drop.minecraft.gold_ingot":6,"stat.useItem.minecraft.iron_pickaxe":2130,"stat.pickup.securitycraft.universal_block_remover":4,"stat.craftItem.minecraft.iron_door":3,"stat.useItem.minecraft.iron_shovel":938,"stat.drop.minecraft.cooked_mutton":8,"stat.pickup.minecraft.double_plant":1,"stat.pickup.dynamictrees.darkoakseed":9,"stat.craftItem.minecraft.bed":2,"stat.craftItem.minecraft.glass_pane":144,"stat.pickup.zawa.golden_sparks":3,"stat.mineBlock.chisel.marble2":67,"stat.furnaceInteraction":190,"stat.drop.minecraft.gravel":4,"stat.useItem.minecraft.golden_carrot":29,"stat.killEntity.ZombieVillager":2,"stat.pickup.minecraft.nether_brick":44,"stat.pickup.minecraft.beef":4,"stat.pickup.zawa.large_meat_raw":6,"stat.craftItem.zawa.bird_meat_cooked":2,"stat.drop.zawa.large_meat_raw":1,"stat.pickup.mca.rose_gold_ore":13,"stat.pickup.securitycraft.reinforced_planks":1,"stat.pickup.tombstone.scroll_buff":1,"stat.useItem.minecraft.wheat_seeds":40,"stat.killEntity.betteranimalsplus.zotzpyre":2,"stat.pickup.minecraft.emerald":9,"stat.craftItem.securitycraft.laser_block":3,"stat.pickup.dynamictrees.oakseed":47,"stat.pickup.securitycraft.universal_block_reinforcer_lvl1":5,"stat.useItem.minecraft.dye":37,"stat.deaths":10,"stat.pickup.zawa.fur":4,"stat.craftItem.minecraft.item_frame":4,"stat.useItem.minecraft.nether_brick":22,"stat.craftItem.minecraft.iron_pickaxe":7,"stat.pickup.minecraft.glass_pane":15,"stat.pickup.minecraft.item_frame":2,"stat.pickup.zawa.care_guide":3,"stat.drop.minecraft.torch":1,"stat.pickup.chisel.marble2":116,"stat.mineBlock.minecraft.tallgrass":114,"stat.pickup.minecraft.cooked_mutton":13,"stat.chestOpened":213,"stat.killEntity.betteranimalsplus.goose":1,"stat.useItem.minecraft.stone":169,"stat.pickup.minecraft.arrow":40,"stat.pickup.minecraft.iron_sword":1,"stat.pickup.securitycraft.keypad_frame":1,"stat.killEntity.Ghast":2,"stat.craftItem.minecraft.quartz_block":1,"stat.pickup.minecraft.gold_nugget":1,"stat.drop.minecraft.iron_pickaxe":1,"stat.pickup.betteranimalsplus.bear_skin_brown":2,"stat.pickup.minecraft.carrot":734,"stat.crouchOneCm":22575,"stat.mineBlock.minecraft.chest":2,"stat.pickup.minecraft.rail":2,"stat.craftItem.minecraft.iron_ingot":309,"stat.craftingTableInteraction":220,"stat.pickup.minecraft.nether_brick_fence":18,"stat.pickup.securitycraft.keypad_chest":4,"stat.useItem.chisel.marble2":3,"stat.useItem.minecraft.reeds":12,"stat.pickup.minecraft.dye":175,"stat.pickup.minecraft.planks":47,"stat.pickup.chisel.limestone2":55,"stat.pickup.minecraft.wheat_seeds":112,"stat.drop.iceandfire.witherbone":1,"stat.mineBlock.minecraft.glass":14,"stat.mineBlock.minecraft.dirt":383,"stat.pickup.minecraft.poisonous_potato":1,"stat.pickup.securitycraft.reinforced_glass_block":12,"stat.useItem.minecraft.bread":7,"stat.drop.minecraft.rotten_flesh":17,"stat.useItem.minecraft.cobblestone":550,"stat.mineBlock.minecraft.double_plant":11,"stat.pickup.minecraft.iron_pickaxe":6,"stat.drop.minecraft.iron_ore":3,"stat.drop.minecraft.carrot":39,"stat.craftItem.minecraft.gold_ingot":87,"stat.useItem.minecraft.glass_pane":108,"stat.craftItem.securitycraft.door_indestructible_iron_item":3,"stat.mineBlock.twilightforest.firefly":1,"stat.drop.dynamictrees.oakseed":1,"stat.craftItem.minecraft.bucket":1,"stat.craftItem.minecraft.planks":352,"stat.useItem.minecraft.iron_sword":167,"stat.drop.dynamictrees.darkoakseed":1,"stat.itemEnchanted":1,"stat.useItem.securitycraft.universal_block_remover":28,"stat.drop.tombstone.scroll_buff":1,"stat.pickup.minecraft.book":57,"stat.mineBlock.minecraft.heavy_weighted_pressure_plate":1,"stat.pickup.iceandfire.dragonbone":2,"stat.pickup.minecraft.iron_door":5,"stat.craftItem.minecraft.paper":198,"stat.pickup.minecraft.red_flower":2,"stat.pickup.minecraft.wool":3,"stat.pickup.minecraft.trapped_chest":1,"stat.craftItem.twilightforest.canopy_planks":8,"stat.craftItem.minecraft.diamond_leggings":1,"stat.useItem.minecraft.iron_axe":168,"stat.mineBlock.minecraft.cobblestone":48,"stat.pickup.minecraft.stone_pickaxe":3,"stat.pickup.minecraft.flint":7,"stat.useItem.minecraft.skull":8,"stat.craftItem.minecraft.wool":6,"stat.pickup.minecraft.enchanted_book":4,"stat.mineBlock.chisel.marble":1,"stat.pickup.minecraft.bow":3,"stat.pickup.minecraft.iron_boots":2,"stat.craftItem.minecraft.furnace":8,"stat.pickup.minecraft.map":1,"stat.craftItem.minecraft.iron_boots":1,"stat.craftItem.minecraft.cooked_beef":4,"stat.mineBlock.minecraft.obsidian":7,"stat.drop.biomesoplenty.fleshchunk":6,"stat.pickup.minecraft.diamond_leggings":1,"stat.flyOneCm":1172931,"stat.pickup.minecraft.sandstone":3,"stat.timeSinceDeath":236993,"stat.craftItem.minecraft.iron_block":3,"stat.killEntity.Bat":2,"stat.craftItem.minecraft.stonebrick":12,"stat.pickup.securitycraft.keypad":2,"stat.useItem.minecraft.potato":28,"stat.mineBlock.minecraft.enchanting_table":1,"stat.mineBlock.minecraft.coal_ore":392,"stat.killEntity.Creeper":1,"stat.pickup.minecraft.shield":3,"stat.talkedToVillager":149,"stat.drop.minecraft.baked_potato":2,"stat.pickup.minecraft.string":39,"stat.pickup.comforts.sleeping_bag":9,"stat.mineBlock.minecraft.ladder":1,"stat.pickup.tombstone.crafting_ingredient":15,"stat.entityKilledBy.Skeleton":1,"stat.sprintOneCm":1383781,"stat.killEntity.betteranimalsplus.pheasant":1,"stat.mineBlock.minecraft.stone_slab":17,"stat.useItem.tombstone.magic_scroll":1,"stat.mineBlock.minecraft.diamond_ore":40,"stat.useItem.securitycraft.keypad_item":3,"stat.useItem.minecraft.ladder":2,"stat.craftItem.minecraft.emerald":10,"stat.killEntity.Zombie":52,"stat.craftItem.minecraft.dye":64,"stat.mineBlock.minecraft.gold_ore":88,"stat.diveOneCm":157239,"stat.pickup.minecraft.wheat":37,"stat.pickup.securitycraft.reinforced_grass":1,"stat.craftItem.minecraft.ladder":3,"stat.drop.minecraft.ladder":1,"stat.pickup.minecraft.stone_axe":1,"stat.pickup.minecraft.obsidian":9,"stat.useItem.minecraft.rotten_flesh":3,"stat.craftItem.minecraft.diamond_sword":1,"stat.jump":11735,"stat.useItem.minecraft.sand":20,"stat.pickup.minecraft.coal":442,"stat.pickup.minecraft.iron_ingot":70,"stat.drop.minecraft.diamond_sword":4,"stat.pickup.minecraft.gunpowder":8,"stat.craftItem.minecraft.torch":308,"stat.pickup.minecraft.dirt":929,"stat.craftItem.comforts.sleeping_bag":1,"stat.useItem.minecraft.glass":308,"stat.pickup.minecraft.gold_ore":87,"stat.mineBlock.minecraft.lapis_ore":30,"stat.killEntity.camocreepers:CamoCreeper":1,"stat.pickup.minecraft.iron_axe":1,"stat.craftItem.futuremc.grindstone":1,"stat.mineBlock.minecraft.glass_pane":6,"stat.brewingstandInteraction":1,"stat.damageTaken":-2147473700,"stat.pickup.twilightforest.firefly":1,"stat.mineBlock.minecraft.torch":45,"stat.mineBlock.minecraft.red_flower":2,"stat.tradedWithVillager":11,"stat.pickup.minecraft.log2":5,"stat.craftItem.securitycraft.keypad_frame":2,"stat.craftItem.minecraft.glowstone":2,"stat.pickup.minecraft.bed":6,"stat.pickup.minecraft.quartz_block":1,"stat.pickup.minecraft.potato":47,"stat.killEntity.Silverfish":8,"stat.craftItem.minecraft.stone_slab":108,"stat.useItem.minecraft.air":236,"stat.craftItem.securitycraft.universal_block_reinforcer_lvl1":3,"stat.useItem.minecraft.chest":3,"stat.drop.minecraft.wheat":2,"stat.pickup.minecraft.diamond_pickaxe":2,"stat.useItem.minecraft.lava_bucket":4,"stat.pickup.wolfarmor.gold_wolf_armor":1,"stat.useItem.tombstone.gift":3,"stat.useItem.minecraft.item_frame":2,"stat.craftItem.minecraft.iron_chestplate":1,"stat.pickup.minecraft.baked_potato":139,"stat.killEntity.if_troll":1,"stat.useItem.zawa.large_meat_cooked":3,"stat.pickup.minecraft.ladder":1,"stat.useItem.minecraft.netherrack":13,"stat.mineBlock.minecraft.farmland":3,"stat.mineBlock.minecraft.tnt":1,"stat.craftItem.minecraft.bookshelf":28,"stat.mineBlock.minecraft.stonebrick":3,"stat.mineBlock.minecraft.glowstone":4,"stat.mobKills":152,"stat.mineBlock.minecraft.bookshelf":2,"stat.pickup.securitycraft.reinforced_stone_button":67,"stat.pickup.minecraft.diamond":45,"stat.pickup.minecraft.iron_horse_armor":4,"stat.pickup.minecraft.torch":110,"stat.entityKilledBy.Silverfish":2,"stat.craftItem.mca.wedding_ring_rg":1,"stat.useItem.minecraft.bookshelf":23,"stat.craftItem.minecraft.iron_axe":3,"stat.drop.securitycraft.reinforced_grass":1,"stat.killEntity.Blaze":9,"stat.drop.minecraft.shield":1,"stat.useItem.minecraft.planks":45,"stat.useItem.tombstone.familiar_stone":1,"stat.pickup.minecraft.glowstone_dust":32,"stat.pickup.minecraft.porkchop":9,"stat.pickup.minecraft.glass":55,"stat.useItem.minecraft.water_bucket":204,"stat.mineBlock.minecraft.nether_brick_fence":9,"stat.drop.minecraft.poisonous_potato":1,"stat.pickup.minecraft.sand":597,"stat.pickup.iceandfire.troll_leather_forest":4,"stat.pickup.minecraft.name_tag":2,"stat.mineBlock.twilightforest.twilight_log":2,"stat.mineBlock.minecraft.sand":456,"stat.drop.minecraft.diamond":3,"stat.useItem.dynamictrees.darkoakseed":4,"stat.trappedChestTriggered":11,"stat.useItem.minecraft.oak_stairs":6,"stat.craftItem.minecraft.golden_carrot":35,"stat.entityKilledBy.if_troll":1,"stat.pickup.minecraft.filled_map":2,"stat.useItem.minecraft.cooked_mutton":5,"stat.pickup.minecraft.furnace":1,"stat.drop.mca.baby_boy":3,"stat.pickup.minecraft.iron_chestplate":2,"stat.pickup.minecraft.skull":16,"stat.pickup.tombstone.magic_scroll":8,"stat.pickup.minecraft.golden_carrot":11,"stat.craftItem.minecraft.heavy_weighted_pressure_plate":4,"stat.mineBlock.minecraft.oak_stairs":7,"stat.drop.minecraft.golden_carrot":5,"stat.playOneMinute":1023486,"stat.pickup.minecraft.blaze_rod":6,"stat.drop.securitycraft.universal_block_reinforcer_lvl1":1,"stat.craftItem.securitycraft.keypad_item":4,"stat.pickup.minecraft.netherrack":84,"stat.mineBlock.minecraft.netherrack":104,"stat.pickup.securitycraft.door_indestructible_iron_item":2,"stat.craftItem.minecraft.iron_hoe":1,"stat.fallOneCm":211265,"stat.drop.minecraft.stone":8,"stat.pickup.minecraft.melon_seeds":2,"stat.craftItem.minecraft.chest":9,"stat.useItem.minecraft.iron_hoe":87,"stat.pickup.minecraft.heavy_weighted_pressure_plate":2,"stat.useItem.securitycraft.reinforced_stone_button":5,"stat.pickup.minecraft.feather":2,"stat.useItem.minecraft.furnace":8,"stat.craftItem.mca.rose_gold_ingot":13,"stat.pickup.zawa.kelp":10,"stat.pickup.minecraft.iron_leggings":1,"stat.mineBlock.minecraft.gravel":37,"stat.useItem.minecraft.stone_pickaxe":639,"stat.craftItem.minecraft.iron_leggings":1,"stat.pickup.zawa.dried_bamboo":3,"stat.drop.minecraft.reeds":15,"stat.craftItem.minecraft.leather":8,"stat.drop.minecraft.iron_axe":1,"stat.mineBlock.minecraft.monster_egg":4,"stat.useItem.minecraft.torch":349,"stat.pickup.minecraft.golden_apple":1,"stat.drop.tombstone.crafting_ingredient":3,"stat.craftItem.minecraft.redstone_block":3,"stat.pickup.minecraft.crafting_table":17,"stat.useItem.minecraft.log":12,"stat.drop.mca.rose_gold_ingot":2,"stat.craftItem.minecraft.crafting_table":4,"stat.killEntity.LavaSlime":1,"stat.mineBlock.minecraft.emerald_ore":8,"stat.pickup.minecraft.log":106,"stat.pickup.minecraft.compass":1,"stat.drop.minecraft.stonebrick":1,"stat.craftItem.zawa.large_meat_cooked":3,"stat.craftItem.minecraft.stone_button":44,"stat.drop.minecraft.planks":1,"stat.pickup.mca.rose_gold_ingot":2,"stat.pickup.minecraft.wooden_door":1,"stat.killEntity.WitherSkeleton":6,"stat.drop.securitycraft.universal_block_remover":2,"stat.pickup.animania.block_straw":1,"stat.pickup.minecraft.golden_sword":2,"stat.craftItem.minecraft.golden_boots":1,"stat.sneakTime":9951,"stat.entityKilledBy.Blaze":1,"stat.useItem.minecraft.baked_potato":63,"stat.pickup.minecraft.stone_slab":36,"stat.pickup.minecraft.yellow_flower":3,"stat.pickup.minecraft.chest":2,"stat.craftItem.minecraft.enchanting_table":1,"stat.craftItem.minecraft.diamond_chestplate":1,"stat.pickup.minecraft.bone":32,"stat.horseOneCm":39722,"stat.useItem.minecraft.diamond_sword":385,"stat.craftItem.minecraft.diamond_helmet":1,"stat.craftItem.minecraft.iron_trapdoor":1,"stat.swimOneCm":231208,"stat.climbOneCm":8007,"stat.enderchestOpened":1,"stat.drop.minecraft.brown_mushroom":1,"stat.killEntity.betteranimalsplus.boar":5,"stat.useItem.minecraft.dirt":435,"stat.pickup.zawa.bird_meat":1,"stat.pickup.minecraft.enchanting_table":1,"stat.mineBlock.zawa.dried_bamboo":1,"stat.craftItem.minecraft.stone_pickaxe":6,"stat.pickup.minecraft.cobblestone":1818,"stat.mineBlock.chisel.limestone2":31,"stat.craftItem.zawa.waste_bin":1,"stat.drop.minecraft.wheat_seeds":1,"stat.useItem.securitycraft.door_indestructible_iron_item":2,"stat.useItem.minecraft.cooked_beef":4,"stat.pickup.minecraft.redstone":230,"stat.mineBlock.minecraft.iron_ore":331,"stat.pickup.securitycraft.keypad_item":5,"stat.pickup.minecraft.mossy_cobblestone":3,"stat.pickup.minecraft.stonebrick":4,"stat.drop.minecraft.dirt":134,"stat.pickup.minecraft.iron_shovel":1,"stat.mineBlock.minecraft.nether_brick":24,"stat.mineBlock.minecraft.grass":316,"stat.drop.minecraft.compass":1,"stat.pickup.minecraft.paper":70,"stat.craftItem.minecraft.stick":100,"stat.useItem.minecraft.stone_slab":117,"stat.craftItem.minecraft.stone":336,"stat.craftItem.minecraft.gold_nugget":288,"stat.pickup.minecraft.grass":2,"stat.craftItem.globalxp.xp_block":1,"stat.mineBlock.minecraft.crafting_table":12,"stat.useItem.minecraft.diamond_pickaxe":561,"stat.mineBlock.minecraft.quartz_block":1,"stat.useItem.minecraft.carrot":374,"stat.drop.zawa.golden_sparks":1,"stat.mineBlock.minecraft.planks":37,"stat.drop":306,"stat.pickup.minecraft.stone_button":1,"stat.craftItem.minecraft.diamond_pickaxe":1,"stat.drop.minecraft.bread":2,"stat.pickup.minecraft.gravel":144,"stat.pickup.minecraft.diamond_sword":4,"stat.pickup.minecraft.fence":2,"stat.pickup.minecraft.iron_helmet":5,"stat.craftItem.minecraft.bread":9,"stat.pickup.minecraft.spider_eye":2,"stat.mineBlock.animania.block_straw":1,"stat.craftItem.minecraft.iron_helmet":1,"stat.pickup.minecraft.iron_ore":355,"stat.mineBlock.mca.rose_gold_ore":14,"stat.drop.zawa.worm":5,"stat.pickup.minecraft.leather":2,"stat.craftItem.minecraft.iron_bars":16,"stat.drop.minecraft.water_bucket":1,"stat.pickup.minecraft.reeds":324,"tombstone:undead_killed":91,"stat.useItem.tombstone.grave_key":2,"stat.pickup.minecraft.oak_stairs":13,"stat.damageDealt":27426,"stat.craftItem.minecraft.glass":408,"stat.sleepInBed":23,"stat.pickup.twilightforest.twilight_log":2,"stat.craftItem.minecraft.anvil":1,"stat.useItem.minecraft.crafting_table":1,"stat.craftItem.minecraft.iron_sword":2,"stat.walkOneCm":3321743,"stat.playerKills":1,"stat.pickup.dynamictrees.birchseed":13,"stat.pickup.minecraft.stick":117,"stat.mineBlock.chisel.basalt2":15,"stat.craftItem.minecraft.diamond_boots":1,"stat.mineBlock.zawa.golden_sparks":1,"stat.pickup.minecraft.stone":334,"stat.pickup.biomesoplenty.fleshchunk":6,"stat.drop.minecraft.emerald":2,"stat.pickup.minecraft.gold_ingot":16,"stat.killEntity.Skeleton":28,"stat.craftItem.animania.block_straw":1,"stat.drop.minecraft.crafting_table":1,"stat.killEntity.Spider":8,"stat.pickup.minecraft.bread":1,"stat.mineBlock.minecraft.quartz_ore":4,"stat.drop.minecraft.filled_map":3,"stat.pickup.minecraft.quartz":4,"stat.pickup.minecraft.water_bucket":2,"stat.mineBlock.minecraft.redstone_ore":1,"stat.pickup.minecraft.lava_bucket":2,"stat.craftItem.minecraft.coal_block":10,"stat.drop.zawa.care_guide":1,"stat.mineBlock.minecraft.stone":1933}