{"stat.useItem.minecraft.bow":159,"stat.useItem.minecraft.painting":80,"stat.pickup.iceandfire.fire_dragon_flesh":44,"stat.mineBlock.iceandfire.chared_grass":9,"stat.leaveGame":21,"stat.killEntity.betteranimalsplus.goat":1,"stat.pickup.betteranimalsplus.goose_egg":14,"stat.pickup.tombstone.familiar_stone":6,"stat.useItem.zawa.bird_meat_cooked":3,"stat.mineBlock.minecraft.sandstone":82,"stat.pickup.zawa.worm":80,"stat.craftItem.minecraft.shield":2,"stat.mineBlock.minecraft.web":45,"stat.pickup.minecraft.leaves2":3,"stat.drop.minecraft.iron_sword":6,"stat.pickup.minecraft.rotten_flesh":388,"stat.pickup.zawa.pangolin_scale":3,"stat.craftItem.minecraft.stone_axe":1,"stat.pickup.iceandfire.witherbone":2,"stat.pickup.iceandfire.chared_cobblestone":34,"stat.pickup.minecraft.cobblestone_wall":1,"stat.craftItem.iceandfire.dragon_flute":1,"stat.killEntity.Enderman":9,"stat.pickup.zawa.reptile_hide":2,"stat.pickup.minecraft.brown_mushroom":18,"stat.killEntity.Witch":6,"stat.pickup.chisel.chisel_iron":2,"stat.useItem.zawa.carnivore_meat_cooked":1,"stat.pickup.securitycraft.universal_block_remover":5,"stat.useItem.minecraft.iron_pickaxe":1793,"stat.killEntity.myrmex_worker":5,"stat.craftItem.minecraft.wooden_pickaxe":2,"stat.craftItem.minecraft.iron_door":6,"stat.pickup.minecraft.double_plant":55,"stat.pickup.dynamictrees.darkoakseed":17,"stat.craftItem.minecraft.bed":3,"stat.craftItem.minecraft.glass_pane":48,"stat.mineBlock.chisel.marble2":55,"stat.mineBlock.minecraft.vine":15,"stat.mineBlock.minecraft.sticky_piston":10,"stat.furnaceInteraction":465,"stat.mineBlock.minecraft.rail":16,"stat.useItem.minecraft.pumpkin_seeds":6,"stat.killEntity.ZombieVillager":5,"stat.pickup.minecraft.nether_brick":59,"stat.pickup.minecraft.beef":4,"stat.pickup.zawa.large_meat_raw":4,"stat.craftItem.zawa.bird_meat_cooked":2,"stat.pickup.minecraft.cauldron":2,"stat.useItem.minecraft.trapdoor":3,"stat.useItem.minecraft.fence":328,"stat.pickup.mca.rose_gold_ore":75,"stat.pickup.tombstone.gift":1,"stat.pickup.securitycraft.reinforced_planks":4,"stat.pickup.minecraft.potion":2,"stat.mineBlock.minecraft.fence":20,"stat.useItem.minecraft.flint_and_steel":2,"stat.pickup.tombstone.scroll_buff":3,"stat.useItem.minecraft.wheat_seeds":117,"stat.killEntity.betteranimalsplus.zotzpyre":3,"stat.craftItem.securitycraft.laser_block":7,"stat.pickup.minecraft.emerald":54,"stat.pickup.securitycraft.universal_block_reinforcer_lvl1":7,"stat.pickup.dynamictrees.oakseed":239,"stat.useItem.minecraft.dye":87,"stat.craftItem.minecraft.dark_oak_boat":1,"stat.deaths":126,"stat.pickup.zawa.fur":14,"stat.drop.securitycraft.keypad_item":1,"stat.pickup.minecraft.egg":4,"stat.drop.iceandfire.dragonbone_sword_fire":1,"stat.craftItem.minecraft.wooden_shovel":1,"stat.mineBlock.minecraft.stone_pressure_plate":1,"stat.pickup.mca.baby_girl":1,"stat.useItem.minecraft.nether_brick":52,"stat.craftItem.minecraft.iron_pickaxe":11,"stat.pickup.minecraft.glass_pane":17,"stat.craftItem.craftingstation.crafting_station":3,"stat.pickup.minecraft.item_frame":2,"stat.pickup.zawa.care_guide":4,"stat.pickup.chisel.marble2":132,"stat.mineBlock.minecraft.tallgrass":107,"stat.craftItem.minecraft.cooked_mutton":23,"stat.pickup.minecraft.cooked_mutton":4,"stat.chestOpened":574,"stat.killEntity.betteranimalsplus.goose":1,"stat.useItem.minecraft.stone":65,"stat.pickup.minecraft.arrow":331,"stat.pickup.securitycraft.keypad_frame":1,"stat.pickup.minecraft.iron_sword":7,"stat.killEntity.Ghast":7,"stat.useItem.minecraft.grass":133,"stat.mineBlock.chisel.ironpane":12,"stat.craftItem.iceandfire.armor_red_leggings":1,"stat.pickup.minecraft.gold_nugget":400,"stat.craftItem.chisel.futura":8,"stat.drop.minecraft.iron_pickaxe":2,"stat.pickup.zawa.tiger_fur":1,"stat.pickup.chisel.basalt2":23,"stat.pickup.minecraft.carrot":233,"stat.drop.minecraft.stone_sword":1,"stat.useItem.tombstone.tablet_of_cupidity":2,"stat.crouchOneCm":446209,"stat.mineBlock.minecraft.chest":2,"stat.craftItem.minecraft.diamond":2,"stat.pickup.minecraft.rail":17,"stat.pickup.zawa.tortoise_shell":1,"stat.craftItem.minecraft.iron_ingot":385,"stat.pickup.minecraft.painting":132,"stat.pickup.craftingstation.crafting_station":5,"stat.mineBlock.futuremc.lily_of_the_valley":1,"stat.craftingTableInteraction":286,"stat.pickup.iceandfire.myrmex_desert_resin":82,"stat.pickup.minecraft.nether_brick_fence":4,"stat.pickup.minecraft.repeater":1,"stat.pickup.securitycraft.keypad_chest":26,"stat.useItem.minecraft.reeds":28,"stat.mineBlock.caves_and_cliffs.copper_ore":10,"stat.pickup.minecraft.dye":711,"stat.pickup.minecraft.planks":347,"stat.pickup.chisel.limestone2":136,"stat.useItem.iceandfire.dragonbone_sword_fire":942,"stat.pickup.minecraft.wheat_seeds":730,"stat.mineBlock.minecraft.glass":23,"stat.pickup.zawa.bush_meat_raw":15,"stat.mineBlock.minecraft.ender_chest":1,"stat.drop.tombstone.voodoo_poppet":1,"stat.mineBlock.minecraft.dirt":1172,"stat.pickup.tombstone.voodoo_poppet":1,"stat.pickup.minecraft.poisonous_potato":1,"stat.pickup.securitycraft.reinforced_glass_block":4,"stat.pickup.minecraft.brewing_stand":2,"stat.useItem.minecraft.bread":29,"stat.useItem.minecraft.cobblestone":1276,"stat.pickup.minecraft.magma":2,"stat.useItem.minecraft.gravel":51,"stat.mineBlock.minecraft.double_plant":40,"stat.mineBlock.chisel.futura":2,"stat.killEntity.betteranimalsplus.horseshoecrab":1,"stat.useItem.dynamictrees.oakseed":51,"stat.pickup.securitycraft.reinforced_stone":25,"stat.craftItem.zawa.bullet_rifle":9,"stat.pickup.iceandfire.myrmex_desert_egg":2,"stat.pickup.minecraft.iron_pickaxe":2,"stat.mineBlock.globalxp.xp_block":1,"stat.craftItem.minecraft.gold_ingot":110,"stat.pickup.minecraft.chicken":11,"stat.craftItem.chisel.chisel_iron":1,"stat.pickup.iceandfire.fire_dragon_blood":7,"stat.pickup.minecraft.apple":10,"stat.useItem.minecraft.glass_pane":6,"stat.craftItem.securitycraft.door_indestructible_iron_item":4,"stat.pickup.iceandfire.myrmex_stinger":7,"stat.mineBlock.twilightforest.firefly":1,"stat.craftItem.minecraft.carrot_on_a_stick":1,"stat.craftItem.minecraft.bucket":2,"stat.craftItem.minecraft.planks":1820,"stat.useItem.minecraft.iron_sword":2575,"stat.itemEnchanted":3,"stat.pickup.futuremc.cornflower":2,"stat.pickup.iceandfire.dragonscales_green":79,"stat.useItem.securitycraft.universal_block_remover":98,"stat.craftItem.minecraft.fishing_rod":1,"stat.useItem.betteranimalsplus.goose_egg":4,"stat.pickup.minecraft.book":156,"stat.useItem.minecraft.stonebrick":1190,"stat.mineBlock.minecraft.log":10,"stat.craftItem.minecraft.wooden_door":6,"stat.useItem.minecraft.wooden_door":2,"stat.pickup.iceandfire.dragonbone":37,"stat.pickup.minecraft.iron_door":2,"stat.pickup.iceandfire.siren_tear":1,"stat.pickup.minecraft.red_flower":11,"stat.pickup.tombstone.dust_of_vanishing":1,"stat.pickup.minecraft.wool":42,"stat.killEntity.betteranimalsplus.badger":1,"stat.killEntity.siren":7,"stat.craftItem.minecraft.diamond_leggings":1,"stat.pickup.minecraft.bookshelf":16,"stat.useItem.minecraft.iron_axe":435,"stat.mineBlock.minecraft.cobblestone":272,"stat.mineBlock.minecraft.pumpkin":4,"stat.killEntity.gorgon":4,"stat.pickup.minecraft.stone_pickaxe":2,"stat.pickup.minecraft.flint":41,"stat.mineBlock.minecraft.yellow_flower":1,"stat.craftItem.tombstone.grave_key":16,"stat.entityKilledBy.Witch":1,"stat.craftItem.iceandfire.dragonbone_sword_fire":1,"stat.craftItem.zawa.reptile_meat_cooked":1,"stat.pickup.minecraft.enchanted_book":17,"stat.pickup.minecraft.glowstone":3,"stat.drop.minecraft.cobblestone":2,"stat.pickup.minecraft.cooked_porkchop":7,"stat.craftItem.minecraft.arrow":24,"stat.useItem.minecraft.obsidian":15,"stat.pickup.minecraft.sticky_piston":11,"stat.pickup.minecraft.bow":10,"stat.mineBlock.twilightforest.dark_leaves":11,"stat.pickup.minecraft.iron_boots":7,"stat.craftItem.minecraft.furnace":36,"stat.useItem.minecraft.egg":4,"stat.craftItem.minecraft.iron_boots":3,"stat.craftItem.zawa.rat_cooked":1,"stat.craftItem.minecraft.cooked_beef":4,"stat.mineBlock.minecraft.obsidian":31,"stat.pickup.minecraft.iron_trapdoor":1,"stat.craftItem.minecraft.bow":1,"stat.mineBlock.minecraft.clay":5,"stat.pickup.minecraft.diamond_leggings":7,"stat.flyOneCm":4436873,"stat.pickup.minecraft.sandstone":88,"stat.pickup.minecraft.fish":1,"stat.killEntity.betteranimalsplus.deer":1,"stat.pickup.mowziesmobs.glowing_jelly":1,"stat.pickup.iceandfire.fire_lily":1,"stat.timeSinceDeath":52076,"stat.useItem.minecraft.iron_door":1,"stat.craftItem.minecraft.iron_block":1,"stat.killEntity.Bat":4,"stat.killEntity.twilightforest.helmet_crab":1,"stat.craftItem.minecraft.stonebrick":1180,"stat.pickup.securitycraft.keypad":5,"stat.mineBlock.minecraft.enchanting_table":2,"stat.mineBlock.minecraft.coal_ore":533,"stat.pickup.minecraft.shield":2,"stat.killEntity.Creeper":20,"stat.talkedToVillager":160,"stat.pickup.minecraft.string":106,"stat.mineBlock.minecraft.ladder":1,"stat.mineBlock.zawa.kelp":4,"stat.killEntity.twilightforest.mist_wolf":1,"stat.pickup.tombstone.crafting_ingredient":83,"stat.entityKilledBy.Skeleton":2,"stat.pickup.zawa.reptile_meat_raw":16,"stat.sprintOneCm":3114732,"stat.useItem.minecraft.diamond_shovel":2117,"stat.killEntity.betteranimalsplus.pheasant":2,"stat.pickup.securitycraft.reinforced_stairs_stone_brick":1,"stat.mineBlock.minecraft.stone_slab":5,"stat.mineBlock.biomesoplenty.grass":1,"stat.useItem.tombstone.magic_scroll":4,"stat.mineBlock.minecraft.diamond_ore":48,"stat.useItem.betteranimalsplus.pheasant_egg":1,"stat.useItem.securitycraft.keypad_item":4,"tombstone:use_vanishing":1,"stat.craftItem.iceandfire.armor_gray_helmet":1,"stat.drop.tombstone.grave_key":1,"stat.pickup.tombstone.grave_key":1,"stat.useItem.minecraft.ladder":14,"stat.craftItem.minecraft.emerald":2,"stat.pickup.minecraft.iron_block":6,"stat.killEntity.Zombie":195,"stat.craftItem.minecraft.dye":384,"stat.pickup.minecraft.snowball":92,"stat.pickup.iceandfire.chared_dirt":16,"stat.mineBlock.minecraft.gold_ore":81,"stat.entityKilledBy.myrmex_royal":1,"stat.diveOneCm":768345,"stat.pickup.minecraft.wheat":171,"stat.mineBlock.minecraft.mossy_cobblestone":7,"stat.entityKilledBy.seaserpent":6,"stat.pickup.iceandfire.troll_leather_mountain":7,"stat.craftItem.minecraft.ladder":21,"stat.pickup.iceandfire.dragonscales_bronze":75,"stat.mineBlock.minecraft.stone_button":1,"stat.craftItem.minecraft.cooked_porkchop":43,"stat.pickup.minecraft.obsidian":41,"stat.entityKilledBy.camocreepers:CamoCreeper":1,"stat.craftItem.minecraft.diamond_sword":1,"stat.jump":32834,"stat.useItem.minecraft.sand":93,"stat.pickup.minecraft.coal":1334,"stat.pickup.minecraft.iron_ingot":74,"stat.useItem.minecraft.dark_oak_boat":1,"stat.craftItem.minecraft.lever":2,"stat.drop.minecraft.diamond_sword":3,"stat.pickup.iceandfire.chared_gravel":3,"stat.pickup.minecraft.gunpowder":54,"stat.pickup.iceandfire.chared_stone":4,"stat.pickup.minecraft.dirt":1818,"stat.useItem.minecraft.glass":257,"stat.pickup.iceandfire.fire_dragon_heart":11,"stat.pickup.minecraft.gold_ore":81,"stat.mineBlock.minecraft.lapis_ore":54,"stat.killEntity.camocreepers:CamoCreeper":13,"stat.pickup.minecraft.iron_axe":7,"stat.mineBlock.minecraft.glass_pane":6,"tombstone:sneak_grave":4,"stat.brewingstandInteraction":4,"stat.damageTaken":50605,"stat.useItem.minecraft.stone_brick_stairs":69,"stat.mineBlock.iceandfire.myrmex_desert_biolight":1,"stat.mineBlock.minecraft.torch":50,"stat.mineBlock.minecraft.red_flower":4,"stat.pickup.minecraft.written_book":9,"stat.mineBlock.minecraft.melon_block":3,"stat.tradedWithVillager":28,"stat.craftItem.betteranimalsplus.pheasantcooked":5,"stat.useItem.minecraft.carrot_on_a_stick":3,"stat.pickup.minecraft.log2":59,"stat.craftItem.minecraft.glowstone":1,"stat.pickup.minecraft.bed":11,"stat.pickup.minecraft.potato":180,"stat.entityKilledBy.Zombie":9,"stat.pickup.iceandfire.chared_grass":29,"stat.killEntity.Silverfish":237,"stat.mineBlock.twilightforest.root":1,"stat.useItem.minecraft.air":478,"stat.craftItem.securitycraft.universal_block_reinforcer_lvl1":7,"stat.useItem.minecraft.chest":3,"stat.pickup.minecraft.diamond_pickaxe":2,"stat.pickup.securitycraft.reinforced_ladder":4,"stat.drop.minecraft.netherrack":1,"stat.pickup.betteranimalsplus.pheasant_egg":3,"stat.useItem.minecraft.melon":16,"stat.useItem.securitycraft.reinforced_stone_brick":8,"stat.useItem.tombstone.gift":2,"stat.craftItem.minecraft.iron_chestplate":3,"stat.pickup.minecraft.baked_potato":210,"stat.killEntity.if_troll":6,"stat.pickup.caves_and_cliffs.copper_ore":10,"stat.pickup.iceandfire.desert_myrmex_cocoon":1,"stat.craftItem.mca.rose_gold_block":10,"stat.pickup.minecraft.ender_pearl":8,"stat.useItem.zawa.large_meat_cooked":5,"stat.drop.mca.baby_girl":1,"stat.pickup.minecraft.cooked_beef":1,"stat.pickup.minecraft.ladder":28,"stat.killEntity.Stray":2,"stat.useItem.minecraft.netherrack":3,"stat.useItem.iceandfire.chared_grass":1,"stat.mineBlock.minecraft.farmland":2,"stat.mineBlock.minecraft.tnt":35,"stat.craftItem.minecraft.bookshelf":37,"stat.mineBlock.minecraft.stonebrick":185,"stat.pickup.iceandfire.troll_skull":2,"stat.killEntity.twilightforest.bighorn_sheep":1,"stat.mineBlock.minecraft.glowstone":15,"stat.mobKills":940,"stat.mineBlock.minecraft.bookshelf":32,"stat.craftItem.minecraft.shears":3,"stat.pickup.securitycraft.reinforced_stone_button":82,"stat.pickup.iceandfire.gorgon_head":4,"stat.useItem.minecraft.boat":5,"stat.craftItem.minecraft.lead":2,"stat.pickup.minecraft.diamond":102,"stat.pickup.minecraft.beetroot_seeds":103,"stat.pickup.minecraft.torch":106,"stat.entityKilledBy.Silverfish":1,"stat.drop.minecraft.diamond_shovel":2,"stat.killEntity.firedragon":11,"stat.mineBlock.zawa.peach_flower":1,"stat.pickup.betteranimalsplus.antler":6,"stat.pigOneCm":15951,"stat.useItem.iceandfire.dragonbone_sword":255,"stat.useItem.minecraft.bookshelf":24,"stat.craftItem.minecraft.iron_axe":3,"stat.useItem.minecraft.soul_sand":6,"stat.mineBlock.twilightforest.twilight_plant":20,"stat.killEntity.Blaze":11,"stat.useItem.zawa.rat_cooked":1,"stat.craftItem.zawa.bush_meat_cooked":2,"stat.useItem.minecraft.planks":444,"stat.useItem.tombstone.familiar_stone":8,"stat.pickup.minecraft.glowstone_dust":51,"stat.pickup.minecraft.porkchop":63,"stat.pickup.minecraft.glass":21,"stat.pickup.betteranimalsplus.wolf_pelt_snowy":1,"stat.pickup.securitycraft.reinforced_obsidian":2,"stat.pickup.securitycraft.reinforced_iron_trapdoor":3,"stat.mineBlock.minecraft.red_mushroom":3,"stat.useItem.minecraft.water_bucket":4,"stat.mineBlock.minecraft.stone_brick_stairs":17,"stat.craftItem.iceandfire.forest_troll_leather_helmet":2,"stat.mineBlock.minecraft.nether_brick_fence":8,"stat.pickup.minecraft.sand":441,"stat.craftItem.minecraft.golden_apple":2,"stat.pickup.minetraps.obstacle":7,"stat.pickup.minecraft.splash_potion":1,"stat.pickup.iceandfire.troll_leather_forest":10,"stat.mineBlock.twilightforest.twilight_log":4,"stat.pickup.mca.engagement_ring":2,"stat.craftItem.minecraft.stone_sword":1,"stat.pickup.dynamictrees.spruceseed":2,"stat.mineBlock.minecraft.snow_layer":1,"stat.entityKilledBy.firedragon":49,"stat.mineBlock.minecraft.sand":399,"stat.mineBlock.biomesoplenty.ash_block":20,"stat.pickup.securitycraft.reinforced_cobblestone":66,"stat.killEntity.twilightforest.kobold":12,"stat.pickup.iceandfire.ash":14,"stat.useItem.securitycraft.keypad_chest":14,"stat.useItem.securitycraft.reinforced_cobblestone":14,"stat.craftItem.securitycraft.reinforced_stone_button":24,"stat.useItem.dynamictrees.darkoakseed":9,"stat.pickup.minecraft.ghast_tear":2,"stat.craftItem.minecraft.birch_door":3,"stat.trappedChestTriggered":27,"stat.useItem.minecraft.oak_stairs":16,"stat.entityKilledBy.if_troll":1,"stat.craftItem.minecraft.pumpkin_seeds":8,"stat.pickup.minecraft.furnace":29,"stat.useItem.minecraft.cooked_mutton":20,"stat.pickup.iceandfire.troll_tusk":4,"stat.pickup.minecraft.iron_chestplate":6,"stat.useItem.minecraft.stone_stairs":21,"stat.pickup.minecraft.skull":10,"stat.pickup.tombstone.magic_scroll":31,"stat.mineBlock.iceandfire.ash":4,"stat.craftItem.zawa.hunting_rifle":2,"stat.pickup.minecraft.stone_stairs":13,"stat.pickup.twilightforest.arctic_fur":1,"stat.pickup.futuremc.lily_of_the_valley":2,"stat.pickup.chisel.ironpane":18,"stat.craftItem.minecraft.fence_gate":1,"stat.pickup.minecraft.pumpkin_seeds":4,"stat.mineBlock.minecraft.soul_sand":12,"stat.craftItem.minecraft.heavy_weighted_pressure_plate":8,"stat.mineBlock.minecraft.oak_stairs":2,"stat.pickup.minecraft.mycelium":1,"stat.mineBlock.iceandfire.chared_gravel":2,"stat.playOneMinute":2265719,"stat.pickup.minecraft.birch_door":4,"stat.pickup.minecraft.blaze_rod":3,"stat.craftItem.securitycraft.keypad_item":8,"stat.mineBlock.minecraft.brown_mushroom_block":2,"stat.pickup.minecraft.iron_bars":66,"stat.pickup.minecraft.netherrack":19,"stat.pickup.minecraft.pumpkin":6,"stat.recordPlayed":2,"stat.pickup.iceandfire.myrmex_desert_chitin":46,"stat.craftItem.mca.engagement_ring":1,"stat.mineBlock.minecraft.netherrack":30,"stat.pickup.securitycraft.door_indestructible_iron_item":3,"stat.craftItem.iceandfire.armor_red_helmet":1,"stat.pickup.zawa.toxin_sac":2,"stat.mineBlock.minecraft.ice":3,"stat.craftItem.iceandfire.dragonbone_sword":2,"stat.killEntity.myrmex_royal":4,"stat.useItem.chisel.futura":8,"stat.craftItem.iceandfire.siren_flute":1,"stat.mineBlock.iceandfire.fire_lily":1,"stat.craftItem.minecraft.iron_hoe":1,"stat.pickup.minecraft.cooked_chicken":2,"stat.useItem.minecraft.experience_bottle":3,"stat.fallOneCm":618416,"stat.pickup.minecraft.melon_seeds":10,"stat.craftItem.minecraft.chest":11,"stat.pickup.minecraft.red_mushroom":9,"stat.pickup.minecraft.melon":16,"stat.useItem.minecraft.iron_hoe":88,"stat.killEntity.myrmex_queen":1,"stat.useItem.securitycraft.reinforced_stone_button":9,"stat.pickup.chisel.futura":2,"stat.craftItem.iceandfire.armor_gray_leggings":1,"stat.pickup.minecraft.feather":41,"stat.pickup.minecraft.record_cat":2,"stat.pickup.zawa.reptile_meat_cooked":2,"stat.useItem.minecraft.furnace":42,"stat.craftItem.mca.rose_gold_ingot":63,"stat.pickup.iceandfire.dragonscales_red":125,"stat.pickup.zawa.kelp":45,"stat.pickup.minecraft.iron_leggings":3,"stat.mineBlock.minecraft.snow":16,"stat.mineBlock.minecraft.gravel":361,"stat.useItem.minecraft.stone_pickaxe":508,"stat.useItem.minecraft.stone_sword":204,"stat.craftItem.minecraft.iron_leggings":4,"stat.pickup.zawa.dried_bamboo":2,"stat.craftItem.iceandfire.armor_gray_boots":1,"stat.craftItem.minecraft.oak_stairs":16,"stat.pickup.zawa.large_meat_cooked":1,"stat.craftItem.minecraft.leather":14,"stat.useItem.minecraft.iron_bars":423,"stat.drop.minecraft.iron_axe":2,"stat.mineBlock.minecraft.monster_egg":56,"stat.useItem.minecraft.torch":52,"stat.drop.minecraft.stone_brick_stairs":1,"stat.craftItem.minecraft.redstone_block":9,"stat.craftItem.minecraft.stone_stairs":12,"stat.pickup.minecraft.crafting_table":15,"stat.useItem.minecraft.log":130,"stat.craftItem.minecraft.crafting_table":16,"stat.craftItem.minecraft.boat":5,"stat.pickup.minecraft.iron_hoe":1,"stat.killEntity.LavaSlime":1,"stat.mineBlock.minecraft.emerald_ore":18,"stat.pickup.minecraft.log":630,"stat.useItem.zawa.bush_meat_cooked":2,"stat.pickup.minecraft.compass":3,"stat.drop.minecraft.stonebrick":1,"stat.craftItem.zawa.large_meat_cooked":4,"stat.craftItem.minecraft.stone_button":75,"stat.pickup.minecraft.web":8,"stat.pickup.minecraft.sapling":5,"stat.pickup.minecraft.wooden_door":5,"stat.entityKilledBy.Enderman":1,"stat.pickup.iceandfire.dragonscales_gray":49,"stat.mineBlock.minecraft.iron_block":2,"stat.useItem.minecraft.birch_door":2,"stat.pickup.minecraft.beetroot":71,"stat.mineBlock.iceandfire.goldpile":81,"stat.pickup.minecraft.diamond_helmet":5,"stat.killEntity.WitherSkeleton":11,"stat.drop.securitycraft.universal_block_remover":1,"stat.craftItem.minecraft.cooked_chicken":11,"stat.pickup.iceandfire.pixie_house":4,"stat.useItem.minecraft.beetroot_seeds":21,"stat.sneakTime":109717,"stat.mineBlock.minecraft.cobblestone_wall":1,"stat.entityKilledBy.Blaze":2,"stat.useItem.minecraft.baked_potato":220,"stat.pickup.minecraft.stone_slab":5,"stat.pickup.minecraft.yellow_flower":21,"stat.craftItem.minetraps.obstacle":3,"stat.useItem.minecraft.beetroot":32,"stat.pickup.minecraft.chest":2,"stat.craftItem.minecraft.enchanting_table":1,"stat.craftItem.minecraft.diamond_chestplate":1,"stat.pickup.zawa.amazon_sword":2,"stat.pickup.zawa.bird_meat_cooked":1,"stat.pickup.minecraft.bone":168,"stat.pickup.minecraft.stone_pressure_plate":2,"stat.horseOneCm":279654,"stat.killEntity.myrmex_sentinel":3,"stat.useItem.betteranimalsplus.turkey_leg_cooked":2,"stat.craftItem.minecraft.stone_brick_stairs":76,"stat.useItem.minecraft.diamond_sword":1030,"stat.craftItem.minecraft.iron_trapdoor":1,"stat.swimOneCm":792426,"stat.climbOneCm":176835,"stat.drop.chisel.limestone2":1,"stat.enderchestOpened":3,"stat.useItem.minecraft.dirt":728,"stat.killEntity.betteranimalsplus.boar":1,"stat.pickup.zawa.bird_meat":6,"stat.mineBlock.futuremc.bee_nest":1,"stat.pickup.minecraft.enchanting_table":2,"stat.pickup.minecraft.anvil":3,"stat.mineBlock.zawa.dried_bamboo":2,"stat.craftItem.minecraft.trapdoor":4,"stat.craftItem.minecraft.stone_pickaxe":5,"stat.mineBlock.minecraft.magma":2,"stat.pickup.minecraft.cobblestone":4392,"stat.mineBlock.minecraft.carpet":12,"stat.mineBlock.chisel.limestone2":39,"stat.useItem.tombstone.scroll_buff":1,"stat.craftItem.minecraft.glass_bottle":15,"stat.pickup.minecraft.glass_bottle":1,"stat.pickup.minecraft.soul_sand":7,"stat.useItem.minecraft.cooked_beef":4,"stat.pickup.minecraft.redstone":1465,"stat.mineBlock.minecraft.iron_ore":511,"stat.craftItem.minecraft.book":13,"stat.pickup.securitycraft.keypad_item":4,"stat.drop.minecraft.log":1,"stat.pickup.minecraft.mutton":50,"stat.useItem.iceandfire.ash":8,"stat.drop.minecraft.iron_bars":1,"stat.pickup.minecraft.stonebrick":335,"stat.drop.minecraft.dirt":3,"stat.useItem.minecraft.cooked_porkchop":45,"stat.pickup.minecraft.carpet":12,"stat.pickup.minecraft.diamond_shovel":2,"stat.mineBlock.minecraft.nether_brick":69,"stat.mineBlock.minecraft.grass":437,"stat.useItem.chisel.ironpane":8,"stat.craftItem.iceandfire.armor_red_chestplate":1,"stat.pickup.minecraft.paper":133,"stat.entityKilledBy.myrmex_soldier":1,"stat.craftItem.minecraft.stick":196,"stat.craftItem.minecraft.stone":1296,"stat.craftItem.minecraft.gold_nugget":27,"stat.craftItem.globalxp.xp_block":2,"stat.pickup.minecraft.grass":678,"stat.killEntity.myrmex_soldier":3,"stat.mineBlock.minecraft.crafting_table":10,"stat.useItem.minecraft.diamond_pickaxe":9342,"stat.useItem.minecraft.carrot":120,"stat.pickup.iceandfire.dragonbone_sword_fire":1,"stat.craftItem.iceandfire.armor_gray_chestplate":1,"stat.useItem.minecraft.wooden_shovel":59,"stat.mineBlock.minecraft.planks":85,"stat.drop":34,"stat.pickup.minecraft.stone_button":1,"stat.killEntity.Sheep":30,"stat.craftItem.minecraft.diamond_pickaxe":2,"stat.useItem.minecraft.melon_seeds":10,"stat.craftItem.securitycraft.universal_block_remover":3,"stat.mineBlock.iceandfire.desert_myrmex_cocoon":1,"stat.pickup.minecraft.gravel":472,"stat.mineBlock.minecraft.anvil":2,"stat.entityKilledBy.Guardian":2,"stat.mineBlock.zawa.amazon_sword":2,"stat.useItem.minecraft.carpet":9,"stat.useItem.minecraft.potion":2,"stat.pickup.minecraft.stone_brick_stairs":27,"stat.pickup.minecraft.diamond_sword":3,"stat.pickup.minecraft.fence":42,"stat.pickup.minecraft.iron_helmet":3,"stat.useItem.minecraft.stone_axe":1,"stat.craftItem.minecraft.bread":22,"stat.pickup.minecraft.spider_eye":25,"stat.mineBlock.craftingstation.crafting_station":5,"stat.craftItem.minecraft.iron_helmet":3,"stat.pickup.minecraft.diamond_ore":3,"stat.useItem.zawa.reptile_meat_cooked":1,"stat.useItem.minecraft.cooked_chicken":9,"stat.pickup.minecraft.iron_ore":523,"stat.pickup.zawa.carnivore_meat_cooked":3,"stat.entityKilledBy.siren":2,"stat.pickup.iceandfire.shiny_scales":19,"stat.mineBlock.mca.rose_gold_ore":73,"stat.boatOneCm":938228,"stat.mineBlock.minecraft.iron_bars":48,"stat.craftItem.minecraft.flint_and_steel":1,"stat.pickup.minecraft.leaves":1,"stat.mineBlock.minecraft.leaves2":5,"stat.mineBlock.minecraft.stone_stairs":16,"stat.pickup.minecraft.leather":29,"stat.craftItem.minecraft.iron_bars":272,"stat.drop.minecraft.iron_hoe":1,"stat.mineBlock.minecraft.furnace":23,"stat.useItem.minecraft.wooden_pickaxe":101,"stat.mineBlock.minecraft.mycelium":4,"stat.mineBlock.iceandfire.chared_cobblestone":33,"stat.pickup.minecraft.prismarine_shard":6,"stat.pickup.globalxp.xp_block":1,"stat.pickup.minecraft.reeds":82,"stat.pickup.minecraft.prismarine_crystals":16,"stat.killEntity.CaveSpider":4,"tombstone:undead_killed":344,"stat.useItem.tombstone.grave_key":147,"stat.pickup.minecraft.oak_stairs":2,"stat.mineBlock.minetraps.obstacle":1,"stat.damageDealt":183648,"stat.craftItem.minecraft.glass":284,"stat.sleepInBed":14,"stat.craftItem.minecraft.baked_potato":146,"stat.killEntity.Cow":3,"stat.useItem.minecraft.crafting_table":3,"stat.killEntity.Pig":20,"stat.mineBlock.iceandfire.chared_dirt":2,"stat.craftItem.minecraft.iron_sword":6,"stat.pickup.zawa.rat_raw":1,"stat.pickup.minecraft.boat":1,"stat.walkOneCm":8307203,"stat.playerKills":3,"stat.pickup.dynamictrees.birchseed":41,"stat.pickup.minecraft.stick":664,"stat.pickup.minecraft.clay_ball":8,"stat.mineBlock.minecraft.trapped_chest":3,"stat.pickup.securitycraft.reinforced_stone_brick":24,"stat.mineBlock.chisel.basalt2":85,"stat.pickup.betteranimalsplus.turkey_leg_cooked":2,"stat.craftItem.minecraft.diamond_boots":2,"stat.pickup.minecraft.tnt":67,"stat.pickup.minecraft.stone":1714,"stat.pickup.biomesoplenty.fleshchunk":1,"stat.pickup.betteranimalsplus.pheasantraw":5,"stat.mineBlock.minecraft.packed_ice":12,"stat.pickup.minecraft.gold_ingot":65,"stat.killEntity.Skeleton":127,"stat.killEntity.Chicken":11,"stat.killEntity.Spider":40,"stat.pickup.zawa.karvy":1,"stat.mineBlock.minecraft.quartz_ore":43,"stat.craftItem.iceandfire.armor_red_boots":1,"stat.pickup.minecraft.quartz":84,"stat.craftItem.minecraft.fence":342,"stat.useItem.minecraft.golden_apple":1,"stat.mineBlock.minecraft.leaves":28,"stat.mineBlock.minecraft.redstone_ore":1,"stat.mineBlock.minecraft.stone":8763,"stat.useItem.minecraft.sandstone":23}