{"stat.chestOpened":1,"stat.useItem.minecraft.air":20,"stat.walkOneCm":55167,"stat.useItem.minecraft.bread":1,"stat.leaveGame":1,"stat.pickup.minecraft.stonebrick":4,"stat.pickup.twilightforest.naga_scale":11,"stat.killEntity.betteranimalsplus.feralwolf":3,"stat.useItem.minecraft.cooked_porkchop":4,"stat.pickup.twilightforest.etched_nagastone":1,"stat.pickup.minecraft.gold_nugget":4,"stat.talkedToVillager":4,"stat.pickup.minecraft.stone_brick_stairs":1,"stat.mineBlock.minecraft.grass":5,"stat.jump":177,"stat.useItem.iceandfire.dread_queen_sword":20,"stat.swimOneCm":113,"stat.fallOneCm":6660,"stat.pickup.zawa.thick_fur":2,"stat.pickup.zawa.large_meat_raw":1,"stat.pickup.mowziesmobs.barako_mask":1,"stat.useItem.minecraft.yellow_flower":16,"stat.entityKilledBy.myrmex_sentinel":1,"stat.crouchOneCm":508,"stat.pickup.iceandfire.chared_stone":1,"stat.useItem.iceandfire.dragonsteel_fire_axe":1,"stat.pickup.minecraft.dirt":5,"stat.sprintOneCm":31027,"stat.pickup.mowziesmobs.wrought_axe":1,"stat.useItem.minecraft.water_bucket":12,"stat.pickup.mowziesmobs.wrought_helmet":1,"stat.pickup.zawa.carnivore_meat_raw":3,"stat.pickup.mowziesmobs.barakoa_mask_rage":1,"stat.pickup.mowziesmobs.barakoa_mask_fear":1,"stat.damageTaken":871,"stat.useItem.minecraft.diamond_pickaxe":1,"stat.pickup.iceandfire.dread_queen_sword":1,"stat.killEntity.twilightforest.naga":1,"stat.useItem.iceandfire.dragonsteel_fire_sword":24,"stat.mobKills":15,"stat.drop.iceandfire.dread_queen_sword":1,"stat.flyOneCm":449548,"stat.deaths":2,"stat.pickup.minecraft.diamond":5,"stat.drop":6,"stat.playOneMinute":34715,"stat.sneakTime":680,"stat.useItem.mowziesmobs.spawn_egg":9,"stat.damageDealt":9949,"stat.pickup.zawa.bush_meat_raw":3,"stat.killEntity.firedragon":1,"stat.timeSinceDeath":21728,"stat.pickup.zawa.care_guide":1,"stat.useItem.mowziesmobs.wrought_axe":7,"stat.pickup.minecraft.stone_slab":2,"stat.pickup.minecraft.yellow_flower":2,"stat.pickup.twilightforest.twilight_sapling":3,"stat.drop.minecraft.diamond":5,"stat.useItem.minecraft.spawn_egg":2,"stat.mineBlock.minecraft.tallgrass":6,"stat.pickup.twilightforest.trophy":1}