{"stat.useItem.zawa.orca":7,"stat.pickup.minecraft.wooden_slab":2,"stat.useItem.dynamictrees.appleseed":2,"stat.pickup.iceandfire.fire_dragon_flesh":11,"stat.leaveGame":41,"stat.drop.minecraft.gunpowder":1,"stat.killEntity.betteranimalsplus.goat":7,"stat.pickup.betteranimalsplus.goose_egg":71,"stat.pickup.tombstone.familiar_stone":7,"stat.pickup.minecraft.dark_oak_boat":5,"stat.mineBlock.minecraft.sandstone":5,"stat.craftItem.minecraft.ender_eye":2,"stat.mineBlock.minecraft.stained_glass":6,"stat.pickup.zawa.worm":43,"stat.craftItem.minecraft.shield":1,"stat.mineBlock.minetraps.nail_trap":3,"stat.drop.minecraft.feather":2,"stat.drop.minecraft.iron_sword":4,"stat.pickup.minecraft.rotten_flesh":295,"stat.drop.twilightforest.magic_map":1,"stat.useItem.chisel.marble":15,"stat.pickup.iceandfire.witherbone":2,"stat.pickup.iceandfire.chared_cobblestone":10,"stat.pickup.minecraft.bucket":1,"stat.killEntity.Enderman":22,"stat.useItem.twilightforest.seeker_bow":15,"stat.mineBlock.minecraft.wooden_slab":2,"stat.pickup.minecraft.leather_boots":1,"stat.useItem.dynamictrees.dirtbucket":4,"stat.pickup.zawa.reptile_hide":1,"stat.killEntity.betteranimalsplus.brownbear":2,"stat.craftItem.minecraft.iron_shovel":5,"stat.pickup.minecraft.brown_mushroom":1,"stat.killEntity.twilightforest.goblin_knight_lower":1,"stat.killEntity.Witch":4,"stat.useItem.zawa.carnivore_meat_cooked":2,"stat.useItem.minecraft.iron_pickaxe":2131,"stat.pickup.securitycraft.universal_block_remover":2,"stat.craftItem.minecraft.iron_door":3,"stat.useItem.minecraft.iron_shovel":1246,"stat.pickup.minecraft.double_plant":16,"stat.craftItem.minecraft.bed":1,"stat.craftItem.minecraft.glass_pane":80,"stat.pickup.zawa.golden_sparks":1,"stat.mineBlock.chisel.marble2":370,"stat.mineBlock.minecraft.vine":2,"stat.mineBlock.chisel.marble1":23,"stat.furnaceInteraction":847,"stat.killEntity.ZombieVillager":9,"stat.drop.twilightforest.mangrove_planks":1,"stat.drop.securitycraft.door_indestructible_iron_item":1,"stat.pickup.zawa.large_meat_raw":3,"stat.craftItem.futuremc.dye":3,"stat.useItem.minecraft.stained_glass":4,"stat.useItem.minecraft.fence":36,"stat.pickup.mca.rose_gold_ore":49,"stat.mineBlock.twilightforest.naga_stone":4,"stat.pickup.securitycraft.reinforced_planks":1,"stat.useItem.minecraft.flint_and_steel":8,"stat.mineBlock.minecraft.fence":37,"stat.craftItem.zawa.carnivore_meat_cooked":2,"stat.useItem.minecraft.wheat_seeds":92,"stat.pickup.tombstone.scroll_buff":2,"stat.killEntity.betteranimalsplus.zotzpyre":2,"stat.pickup.minecraft.emerald":18,"stat.pickup.minetraps.bear_trap":3,"stat.craftItem.securitycraft.laser_block":3,"stat.pickup.dynamictrees.oakseed":338,"stat.deaths":31,"stat.pickup.securitycraft.reinforced_dirt":12,"stat.pickup.minecraft.egg":1,"stat.craftItem.minecraft.iron_pickaxe":8,"stat.craftItem.craftingstation.crafting_station":1,"stat.pickup.twilightforest.armor_shard":3,"stat.pickup.zawa.raw_crab_leg":6,"stat.pickup.zawa.care_guide":2,"stat.pickup.zawa.cetacean_meat_raw":2,"stat.drop.minecraft.iron_ingot":1,"stat.pickup.chisel.marble1":23,"stat.pickup.chisel.marble2":351,"stat.mineBlock.minecraft.tallgrass":50,"stat.fishCaught":41,"stat.chestOpened":441,"stat.craftItem.twilightforest.magic_map_empty":1,"stat.useItem.minecraft.splash_potion":1,"stat.craftItem.minecraft.sign":6,"stat.killEntity.betteranimalsplus.goose":11,"stat.useItem.minecraft.stone":87,"stat.pickup.minecraft.arrow":84,"stat.pickup.minecraft.iron_sword":4,"stat.useItem.minecraft.grass":2,"stat.killEntity.twilightforest.yeti":5,"stat.pickup.minecraft.gold_nugget":196,"stat.craftItem.minecraft.coal":146,"stat.craftItem.dynamictrees.appleseed":3,"stat.pickup.zawa.tiger_fur":2,"stat.pickup.chisel.basalt2":29,"stat.pickup.betteranimalsplus.bear_skin_brown":2,"stat.pickup.minecraft.carrot":79,"stat.crouchOneCm":342841,"stat.mineBlock.minecraft.chest":6,"stat.killEntity.dread_lich":1,"stat.craftItem.minecraft.iron_ingot":401,"stat.pickup.minecraft.painting":36,"stat.pickup.craftingstation.crafting_station":6,"stat.craftingTableInteraction":295,"stat.pickup.securitycraft.keypad_chest":1,"stat.useItem.chisel.marble1":71,"stat.useItem.chisel.marble2":342,"stat.drop.minecraft.double_plant":1,"stat.pickup.zawa.ostritch_fern":2,"stat.pickup.twilightforest.firefly_jar":2,"stat.mineBlock.caves_and_cliffs.copper_ore":1,"stat.pickup.minecraft.dye":413,"stat.pickup.minecraft.planks":298,"stat.pickup.chisel.limestone2":140,"stat.useItem.iceandfire.dragonbone_sword_fire":93,"stat.pickup.minecraft.wheat_seeds":138,"stat.mineBlock.minecraft.glass":4,"stat.useItem.mowziesmobs.wrought_axe":8,"stat.mineBlock.minecraft.dirt":725,"stat.pickup.minecraft.poisonous_potato":13,"stat.useItem.minecraft.bread":5,"stat.craftItem.twilightforest.magic_map_focus":1,"stat.drop.minecraft.rotten_flesh":10,"stat.useItem.minecraft.cobblestone":1596,"stat.pickup.minecraft.magma":4,"stat.mineBlock.minecraft.double_plant":19,"stat.useItem.dynamictrees.oakseed":188,"stat.pickup.securitycraft.reinforced_stone":11,"stat.craftItem.tombstone.dust_of_vanishing":3,"stat.useItem.minecraft.yellow_flower":25,"stat.craftItem.minecraft.gold_ingot":64,"stat.craftItem.chisel.chisel_iron":2,"stat.pickup.minecraft.apple":160,"stat.mineBlock.twilightforest.twilight_leaves":2,"stat.useItem.minecraft.glass_pane":43,"stat.craftItem.securitycraft.door_indestructible_iron_item":2,"stat.mineBlock.twilightforest.firefly":1,"stat.drop.minecraft.fish":2,"stat.drop.dynamictrees.oakseed":4,"stat.useItem.minecraft.iron_sword":381,"stat.craftItem.minecraft.planks":624,"stat.useItem.securitycraft.universal_block_remover":91,"stat.craftItem.minecraft.fishing_rod":1,"stat.useItem.betteranimalsplus.goose_egg":61,"stat.pickup.minecraft.book":181,"stat.useItem.minecraft.stonebrick":1,"stat.mineBlock.minecraft.log":7,"stat.useItem.chisel.basalt2":1,"stat.pickup.iceandfire.dragonbone":12,"stat.pickup.twilightforest.trans_fence":1,"stat.pickup.minecraft.red_flower":11,"stat.pickup.minecraft.wool":22,"stat.mineBlock.chisel.marblepillar":1,"stat.killEntity.betteranimalsplus.badger":1,"stat.useItem.twilightforest.twilight_log":1,"stat.useItem.minecraft.iron_axe":340,"stat.mineBlock.minecraft.cobblestone":237,"stat.mineBlock.minecraft.pumpkin":11,"stat.pickup.minecraft.flint":1,"stat.pickup.twilightforest.mangrove_planks":2,"stat.mineBlock.minecraft.yellow_flower":28,"stat.mineBlock.iceandfire.chared_stone":5,"stat.craftItem.tombstone.grave_key":15,"stat.craftItem.iceandfire.dragonbone_sword_fire":1,"stat.pickup.minecraft.flower_pot":1,"stat.craftItem.minecraft.wool":2,"stat.mineBlock.minecraft.stained_glass_pane":56,"stat.pickup.minecraft.enchanted_book":1,"stat.drop.minecraft.cobblestone":14,"stat.pickup.minecraft.cooked_porkchop":5,"stat.useItem.securitycraft.dirt_mine":1,"stat.pickup.betteranimalsplus.wolf_pelt_red":3,"stat.pickup.minecraft.bow":7,"stat.mineBlock.twilightforest.dark_leaves":6,"stat.craftItem.minecraft.furnace":10,"stat.useItem.minecraft.egg":1,"stat.useItem.minetraps.bear_trap":5,"stat.mineBlock.zawa.ostritch_fern":2,"stat.flyOneCm":6532603,"stat.useItem.iceandfire.chared_stone":2,"stat.pickup.minecraft.fish":43,"stat.craftItem.minecraft.stained_glass":72,"stat.timeSinceDeath":95088,"stat.drop.minecraft.spider_eye":6,"stat.useItem.minecraft.wooden_slab":154,"stat.killEntity.Bat":1,"stat.killEntity.twilightforest.helmet_crab":1,"stat.craftItem.minecraft.stonebrick":4,"stat.mineBlock.twilightforest.firefly_jar":1,"stat.craftItem.minetraps.nails":54,"stat.useItem.minecraft.potato":549,"stat.pickup.securitycraft.keypad":1,"stat.pickup.twilightforest.naga_scale":2,"stat.mineBlock.minecraft.coal_ore":149,"tombstone:tomb_raiding":1,"stat.killEntity.Creeper":40,"stat.pickup.minecraft.shield":1,"stat.talkedToVillager":345,"stat.drop.minecraft.baked_potato":93,"stat.pickup.minecraft.string":26,"stat.pickup.comforts.sleeping_bag":40,"stat.pickup.tombstone.crafting_ingredient":62,"stat.entityKilledBy.Skeleton":2,"stat.pickup.minecraft.birch_stairs":2,"stat.useItem.minecraft.written_book":3,"stat.sprintOneCm":7266741,"stat.useItem.minetraps.fall_trap":17,"stat.craftItem.trashcans.item_trash_can":1,"stat.useItem.minecraft.diamond_shovel":5,"stat.mineBlock.minecraft.stone_slab":11,"stat.useItem.tombstone.magic_scroll":1,"stat.killEntity.twilightforest.maze_slime":2,"stat.mineBlock.minecraft.diamond_ore":43,"tombstone:use_vanishing":2,"stat.pickup.minecraft.sugar":2,"stat.pickup.mca.engagement_ring_rg":2,"stat.craftItem.minecraft.emerald":1,"stat.pickup.minecraft.iron_block":2,"stat.killEntity.Zombie":249,"stat.craftItem.minecraft.dye":53,"stat.pickup.minecraft.snowball":34,"stat.craftItem.securitycraft.scanner_door_item":2,"stat.mineBlock.minecraft.gold_ore":85,"stat.diveOneCm":259103,"stat.drop.minecraft.diamond_pickaxe":1,"stat.pickup.securitycraft.reinforced_grass":82,"stat.pickup.minecraft.wheat":71,"stat.pickup.minecraft.sign":2,"stat.pickup.iceandfire.dragonscales_bronze":18,"stat.drop.iceandfire.dragonscales_gray":1,"stat.entityKilledBy.camocreepers:CamoCreeper":1,"stat.drop.minecraft.apple":1,"stat.jump":26725,"stat.useItem.minecraft.sand":59,"stat.pickup.minecraft.coal":428,"stat.pickup.minecraft.iron_ingot":354,"stat.pickup.minetraps.quicksand":6,"stat.useItem.minecraft.dark_oak_boat":5,"stat.craftItem.securitycraft.iron_mine":2,"stat.drop.minecraft.diamond_sword":5,"stat.pickup.iceandfire.chared_gravel":1,"stat.pickup.minecraft.gunpowder":115,"stat.pickup.iceandfire.chared_stone":14,"stat.craftItem.minecraft.torch":56,"stat.pickup.minecraft.dirt":1816,"stat.drop.minecraft.iron_shovel":1,"stat.craftItem.comforts.sleeping_bag":1,"stat.useItem.minecraft.glass":185,"stat.pickup.iceandfire.fire_dragon_heart":3,"stat.pickup.minecraft.gold_ore":93,"stat.mineBlock.minecraft.lapis_ore":66,"stat.killEntity.camocreepers:CamoCreeper":36,"stat.pickup.minecraft.iron_axe":1,"stat.mineBlock.minecraft.glass_pane":19,"stat.damageTaken":27576,"stat.mineBlock.minetraps.quicksand":4,"stat.mineBlock.minecraft.red_flower":6,"stat.mineBlock.minecraft.torch":183,"stat.pickup.minecraft.written_book":11,"stat.tradedWithVillager":1,"stat.craftItem.securitycraft.keypad_frame":1,"stat.pickup.minecraft.bed":7,"stat.pickup.minecraft.potato":1363,"stat.mineBlock.minecraft.fence_gate":1,"stat.entityKilledBy.Zombie":5,"stat.pickup.iceandfire.chared_grass":1,"stat.killEntity.Silverfish":52,"stat.useItem.minecraft.air":2046,"stat.craftItem.securitycraft.universal_block_reinforcer_lvl1":3,"stat.useItem.minecraft.chest":8,"stat.pickup.twilightforest.naga_stone":3,"stat.pickup.minecraft.diamond_pickaxe":1,"stat.pickup.twilightforest.minotaur_axe_gold":1,"stat.useItem.minecraft.tnt":2,"stat.killEntity.betteranimalsplus.feralwolf":4,"stat.pickup.twilightforest.mine_slab":2,"stat.useItem.minecraft.lava_bucket":177,"stat.useItem.minecraft.gold_ore":1,"stat.pickup.iceandfire.dread_shard":6,"stat.useItem.tombstone.gift":2,"stat.pickup.wolfarmor.diamond_wolf_armor":1,"stat.craftItem.minecraft.iron_chestplate":1,"stat.pickup.minecraft.baked_potato":214,"stat.killEntity.if_troll":2,"stat.drop.minecraft.potato":1,"stat.pickup.minecraft.ender_pearl":19,"stat.killEntity.Stray":2,"stat.mineBlock.minecraft.farmland":1,"stat.craftItem.minecraft.stained_glass_pane":176,"stat.mineBlock.minecraft.tnt":18,"stat.mineBlock.minecraft.stonebrick":27,"stat.killEntity.twilightforest.winter_wolf":3,"stat.killEntity.twilightforest.bighorn_sheep":1,"stat.pickup.minecraft.dark_oak_stairs":31,"stat.killEntity.stymphalianbird":1,"stat.mobKills":692,"stat.mineBlock.minecraft.bookshelf":37,"stat.pickup.securitycraft.diamond_mine":1,"stat.craftItem.minecraft.shears":1,"stat.pickup.securitycraft.reinforced_stone_button":8,"stat.drop.minecraft.written_book":3,"stat.useItem.minecraft.boat":3,"stat.pickup.minecraft.diamond":57,"stat.pickup.minecraft.torch":258,"stat.entityKilledBy.Silverfish":3,"stat.mineBlock.twilightforest.etched_nagastone_mossy":1,"stat.drop.minecraft.arrow":4,"stat.killEntity.firedragon":3,"stat.pickup.mowziesmobs.naga_fang":1,"stat.killEntity.dread_ghoul":1,"stat.craftItem.minecraft.iron_axe":4,"stat.mineBlock.twilightforest.twilight_plant":12,"stat.pickup.minecraft.lapis_block":1,"stat.drop.chisel.marble":1,"stat.drop.securitycraft.reinforced_planks":1,"stat.drop.betteranimalsplus.goose_egg":5,"stat.useItem.minecraft.planks":340,"stat.useItem.tombstone.familiar_stone":2,"stat.pickup.minecraft.glowstone_dust":6,"stat.drop.dynamictrees.birchseed":4,"stat.pickup.minecraft.porkchop":36,"stat.pickup.minecraft.glass":53,"stat.pickup.betteranimalsplus.wolf_pelt_snowy":5,"stat.pickup.iceandfire.stymphalian_bird_feather":3,"stat.useItem.minecraft.water_bucket":85,"stat.mineBlock.minecraft.stone_brick_stairs":1,"stat.drop.minecraft.poisonous_potato":5,"stat.craftItem.minecraft.golden_apple":5,"stat.pickup.minecraft.sand":471,"stat.pickup.twilightforest.lifedrain_scepter":1,"stat.pickup.iceandfire.troll_leather_forest":5,"stat.pickup.minecraft.name_tag":2,"stat.drop.minecraft.splash_potion":1,"stat.mineBlock.twilightforest.twilight_log":1,"stat.entityKilledBy.firedragon":3,"stat.mineBlock.minecraft.sand":495,"stat.killEntity.twilightforest.kobold":17,"stat.craftItem.minecraft.blaze_powder":2,"stat.drop.minecraft.diamond":5,"stat.useItem.minecraft.spawn_egg":54,"stat.craftItem.securitycraft.reinforced_stone_button":4,"stat.killEntity.twilightforest.skeleton_druid":8,"stat.trappedChestTriggered":26,"stat.pickup.minetraps.fall_trap":3,"stat.useItem.minecraft.oak_stairs":8,"stat.mineBlock.minecraft.dark_oak_stairs":31,"stat.useItem.minecraft.dark_oak_stairs":119,"stat.mineBlock.minecraft.lapis_block":1,"stat.mineBlock.minecraft.birch_stairs":2,"stat.pickup.minecraft.fence_gate":1,"stat.pickup.minecraft.filled_map":1,"stat.pickup.minecraft.furnace":10,"stat.pickup.minecraft.skull":1,"stat.pickup.tombstone.magic_scroll":19,"stat.mineBlock.iceandfire.ash":1,"stat.pickup.twilightforest.arctic_fur":14,"stat.pickup.twilightforest.raven_feather":1,"stat.craftItem.minecraft.fence_gate":1,"stat.killEntity.betteranimalsplus.tarantula":1,"stat.pickup.minecraft.golden_carrot":1,"stat.pickup.twilightforest.raw_meef":2,"stat.pickup.minecraft.saddle":1,"stat.craftItem.minecraft.heavy_weighted_pressure_plate":10,"stat.mineBlock.minecraft.oak_stairs":2,"stat.mineBlock.iceandfire.chared_gravel":8,"stat.playOneMinute":2307054,"stat.drop.securitycraft.universal_block_reinforcer_lvl1":1,"stat.craftItem.securitycraft.keypad_item":2,"stat.drop.minecraft.chest":1,"stat.pickup.minecraft.iron_bars":12,"stat.pickup.minecraft.pumpkin":11,"stat.recordPlayed":21,"stat.pickup.minecraft.waterlily":1,"stat.pickup.securitycraft.door_indestructible_iron_item":1,"stat.mineBlock.minecraft.ice":1,"stat.craftItem.minecraft.dark_oak_stairs":92,"stat.craftItem.iceandfire.dragonbone_sword":1,"stat.killEntity.twilightforest.death_tome":1,"stat.pickup.betteranimalsplus.venisonraw":2,"stat.pickup.chisel.marblepillar":1,"stat.craftItem.minecraft.iron_hoe":3,"stat.pickup.minecraft.cooked_chicken":7,"stat.useItem.minecraft.experience_bottle":128,"stat.fallOneCm":633586,"stat.drop.minecraft.stone":10,"stat.craftItem.securitycraft.diamond_mine":1,"stat.drop.minecraft.gold_ore":1,"stat.craftItem.minecraft.chest":13,"stat.pickup.minecraft.red_mushroom":1,"stat.craftItem.minetraps.fall_trap":27,"stat.useItem.minecraft.iron_hoe":148,"stat.pickup.minecraft.feather":6,"stat.useItem.securitycraft.reinforced_dirt":217,"stat.pickup.minecraft.record_cat":21,"stat.craftItem.dynamictrees.dirtbucket":4,"stat.useItem.minecraft.furnace":15,"stat.craftItem.mca.rose_gold_ingot":49,"stat.pickup.minecraft.iron_leggings":1,"stat.mineBlock.minecraft.gravel":28,"stat.useItem.minecraft.stone_pickaxe":1956,"stat.craftItem.minecraft.iron_leggings":2,"stat.pickup.twilightforest.mine_stairs":1,"stat.craftItem.minecraft.oak_stairs":12,"stat.drop.minecraft.reeds":5,"stat.pickup.twilightforest.trophy":2,"stat.craftItem.securitycraft.dirt_mine":3,"stat.pickup.minecraft.record_13":1,"stat.useItem.minecraft.iron_bars":2,"stat.drop.minecraft.iron_axe":2,"stat.mineBlock.minecraft.monster_egg":17,"stat.useItem.minecraft.torch":371,"stat.useItem.securitycraft.gold_mine":1,"stat.pickup.minetraps.nails":3,"stat.drop.tombstone.crafting_ingredient":6,"stat.pickup.mowziesmobs.ice_crystal":5,"stat.pickup.minecraft.iron_nugget":4,"stat.craftItem.minecraft.redstone_block":3,"stat.pickup.minecraft.crafting_table":14,"stat.useItem.minecraft.log":55,"stat.craftItem.minecraft.crafting_table":4,"stat.pickup.minecraft.iron_hoe":1,"stat.mineBlock.minecraft.emerald_ore":18,"stat.killEntity.dread_scuttler":1,"stat.pickup.minecraft.log":571,"stat.pickup.twilightforest.alpha_fur":6,"stat.drop.minecraft.stonebrick":4,"stat.pickup.zawa.large_sea_anemone":1,"stat.drop.zawa.blubber":9,"stat.craftItem.minecraft.stone_button":8,"stat.drop.minecraft.planks":1,"stat.pickup.mca.rose_gold_ingot":42,"stat.pickup.minecraft.sapling":1,"stat.drop.mowziesmobs.ice_crystal":2,"stat.pickup.iceandfire.dragonscales_gray":49,"stat.mineBlock.minecraft.iron_block":2,"stat.mineBlock.iceandfire.goldpile":52,"stat.pickup.minecraft.diamond_helmet":1,"stat.useItem.zawa.large_meat_raw":3,"stat.drop.securitycraft.universal_block_remover":2,"stat.drop.comforts.sleeping_bag":1,"stat.useItem.securitycraft.cobblestone_mine":3,"stat.pickup.minecraft.golden_sword":1,"stat.sneakTime":111445,"stat.mineBlock.minecraft.cobblestone_wall":1,"stat.drop.minecraft.bucket":1,"stat.drop.zawa.tiger_fur":1,"stat.useItem.minecraft.baked_potato":534,"stat.pickup.minecraft.stone_slab":72,"stat.pickup.minecraft.yellow_flower":45,"stat.mineBlock.minecraft.jukebox":1,"stat.useItem.minecraft.fishing_rod":85,"stat.pickup.minecraft.chest":7,"stat.mineBlock.minetraps.fall_trap":2,"stat.killEntity.twilightforest.lich":1,"stat.pickup.minecraft.bone":114,"stat.pickup.minecraft.redstone_torch":10,"stat.horseOneCm":700450,"stat.mineBlock.minecraft.brown_mushroom":1,"stat.useItem.minecraft.diamond_sword":1697,"stat.swimOneCm":311899,"stat.craftItem.mca.engagement_ring_rg":1,"stat.climbOneCm":23079,"stat.craftItem.securitycraft.mine":18,"stat.mineBlock.minetraps.bear_trap":3,"stat.pickup.chisel.marble":1,"stat.useItem.minecraft.redstone_torch":8,"stat.useItem.minecraft.dirt":1530,"stat.pickup.twilightforest.magic_map":1,"stat.killEntity.betteranimalsplus.boar":12,"stat.killEntity.twilightforest.firefly":1,"stat.pickup.zawa.bird_meat":1,"stat.useItem.twilightforest.naga_stone":2,"stat.pickup.zawa.carnivore_meat_raw":2,"stat.pickup.minecraft.anvil":2,"stat.drop.minecraft.ender_pearl":1,"stat.craftItem.minecraft.stone_pickaxe":15,"stat.mineBlock.minecraft.magma":4,"stat.pickup.minecraft.cobblestone":2369,"stat.mineBlock.minecraft.carpet":1,"stat.drop.chisel.chisel_iron":1,"stat.useItem.minecraft.stone_shovel":641,"stat.mineBlock.chisel.limestone2":104,"stat.drop.zawa.cetacean_meat_raw":2,"stat.pickup.minetraps.nail_trap":3,"stat.craftItem.minecraft.glass_bottle":3,"stat.useItem.chisel.limestone2":16,"stat.drop.minecraft.wheat_seeds":2,"stat.craftItem.minecraft.wooden_slab":156,"stat.pickup.minecraft.redstone":338,"stat.mineBlock.minecraft.iron_ore":399,"stat.useItem.minecraft.sign":6,"stat.drop.minecraft.log":9,"stat.pickup.minecraft.mutton":7,"stat.drop.minecraft.coal":2,"stat.craftItem.securitycraft.furnace_mine":1,"stat.pickup.minecraft.stonebrick":38,"stat.drop.minecraft.dirt":4,"stat.pickup.minecraft.iron_shovel":2,"stat.pickup.minecraft.carpet":1,"stat.craftItem.securitycraft.gold_mine":2,"stat.pickup.twilightforest.ice_bomb":6,"stat.mineBlock.minecraft.grass":957,"stat.entityKilledBy.dread_lich":4,"stat.pickup.zawa.blubber":9,"stat.pickup.minecraft.paper":3,"stat.craftItem.minecraft.stick":88,"stat.killEntity.dread_thrall":5,"stat.pickup.twilightforest.charm_of_keeping_1":1,"stat.pickup.minecraft.speckled_melon":11,"stat.killEntity.twilightforest.yeti_alpha":1,"stat.craftItem.minecraft.stone":72,"stat.pickup.minecraft.grass":11,"stat.craftItem.globalxp.xp_block":1,"stat.mineBlock.minecraft.crafting_table":15,"stat.useItem.minecraft.diamond_pickaxe":616,"stat.useItem.minecraft.carrot":32,"stat.drop.tombstone.dust_of_vanishing":1,"stat.mineBlock.minecraft.planks":64,"stat.drop":283,"stat.pickup.twilightforest.dark_slab":1,"stat.pickup.minecraft.jukebox":1,"stat.killEntity.Sheep":6,"stat.pickup.minecraft.slime_ball":1,"stat.craftItem.minecraft.diamond_pickaxe":1,"stat.craftItem.securitycraft.retinal_scanner":2,"stat.craftItem.securitycraft.universal_block_remover":1,"stat.craftItem.minecraft.jukebox":1,"stat.pickup.minecraft.gravel":45,"stat.mineBlock.minecraft.anvil":2,"stat.useItem.minecraft.apple":20,"stat.useItem.minetraps.quicksand":1,"stat.useItem.minecraft.porkchop":3,"stat.pickup.twilightforest.torchberries":19,"stat.useItem.minecraft.stained_glass_pane":171,"stat.pickup.minecraft.stone_brick_stairs":2,"stat.pickup.minecraft.diamond_sword":5,"stat.pickup.minecraft.fence":37,"stat.pickup.minecraft.spider_eye":12,"stat.mineBlock.craftingstation.crafting_station":5,"stat.pickup.minecraft.diamond_ore":1,"stat.useItem.minecraft.cooked_chicken":34,"stat.pickup.minecraft.iron_ore":402,"stat.drop.iceandfire.chared_stone":3,"stat.mineBlock.mca.rose_gold_ore":50,"stat.boatOneCm":773180,"stat.mineBlock.minecraft.iron_bars":11,"stat.mineBlock.chisel.glasspanedyedcyan":24,"stat.mineBlock.minecraft.stone_stairs":1,"stat.drop.zawa.worm":8,"stat.pickup.minecraft.leather":21,"stat.craftItem.minecraft.iron_bars":16,"stat.drop.minecraft.iron_hoe":1,"stat.mineBlock.minecraft.furnace":8,"stat.dispenserInspected":1,"stat.mineBlock.iceandfire.chared_cobblestone":1,"stat.drop.minecraft.water_bucket":1,"stat.killEntity.twilightforest.minotaur":2,"stat.pickup.minecraft.reeds":7,"tombstone:undead_killed":359,"stat.useItem.tombstone.grave_key":6,"stat.pickup.minecraft.oak_stairs":4,"stat.craftItem.minetraps.bear_trap":6,"stat.mineBlock.securitycraft.diamond_mine":1,"stat.pickup.minecraft.stained_glass":8,"stat.damageDealt":143426,"stat.craftItem.minecraft.glass":356,"stat.sleepInBed":120,"stat.pickup.twilightforest.twilight_log":3,"stat.craftItem.minecraft.baked_potato":705,"stat.craftItem.minecraft.iron_sword":11,"stat.pickup.zawa.rat_raw":1,"stat.craftItem.minecraft.stone_shovel":5,"stat.pickup.minecraft.boat":3,"stat.walkOneCm":4802037,"stat.playerKills":10,"stat.pickup.dynamictrees.birchseed":13,"stat.pickup.minecraft.stick":681,"stat.craftItem.elevatorid.elevator_white":2,"stat.mineBlock.chisel.basalt2":53,"stat.mineBlock.zawa.golden_sparks":2,"stat.pickup.minecraft.tnt":15,"stat.pickup.minecraft.stone":479,"stat.craftItem.securitycraft.cobblestone_mine":7,"stat.mineBlock.minecraft.wool":2,"stat.drop.securitycraft.keypad":1,"stat.mineBlock.zawa.large_sea_anemone":1,"stat.pickup.minecraft.gold_ingot":18,"stat.useItem.minecraft.prismarine":20,"stat.killEntity.Skeleton":80,"stat.mineBlock.minecraft.redstone_torch":10,"stat.killEntity.Spider":26,"stat.craftItem.minecraft.fence":27,"stat.useItem.minecraft.golden_apple":3,"stat.pickup.minecraft.water_bucket":3,"stat.mineBlock.minecraft.leaves":40,"stat.mineBlock.minecraft.redstone_ore":1,"stat.craftItem.minetraps.nail_trap":1,"stat.mineBlock.minecraft.stone":2762}