{"stat.chestOpened":1,"stat.useItem.minecraft.air":19,"stat.walkOneCm":32632,"stat.useItem.minecraft.bread":1,"stat.leaveGame":1,"stat.pickup.minecraft.gold_nugget":4,"stat.talkedToVillager":4,"stat.mineBlock.minecraft.grass":5,"stat.jump":116,"stat.useItem.iceandfire.dread_queen_sword":4,"stat.fallOneCm":4255,"stat.pickup.zawa.thick_fur":2,"stat.pickup.zawa.large_meat_raw":1,"stat.pickup.mowziesmobs.barako_mask":1,"stat.useItem.minecraft.yellow_flower":8,"stat.entityKilledBy.myrmex_sentinel":1,"stat.crouchOneCm":411,"stat.useItem.iceandfire.dragonsteel_fire_axe":1,"stat.pickup.minecraft.dirt":5,"stat.sprintOneCm":18253,"stat.pickup.mowziesmobs.wrought_axe":1,"stat.useItem.minecraft.water_bucket":2,"stat.pickup.mowziesmobs.wrought_helmet":1,"stat.pickup.zawa.carnivore_meat_raw":3,"stat.pickup.mowziesmobs.barakoa_mask_rage":1,"stat.pickup.mowziesmobs.barakoa_mask_fear":1,"stat.damageTaken":531,"stat.useItem.minecraft.diamond_pickaxe":1,"stat.pickup.iceandfire.dread_queen_sword":1,"stat.useItem.iceandfire.dragonsteel_fire_sword":24,"stat.mobKills":10,"stat.drop.iceandfire.dread_queen_sword":1,"stat.flyOneCm":347819,"stat.deaths":2,"stat.pickup.minecraft.diamond":5,"stat.drop":5,"stat.playOneMinute":23015,"stat.sneakTime":530,"stat.useItem.mowziesmobs.spawn_egg":9,"stat.damageDealt":6494,"stat.pickup.zawa.bush_meat_raw":3,"stat.timeSinceDeath":10028,"stat.pickup.zawa.care_guide":1,"stat.useItem.mowziesmobs.wrought_axe":7,"stat.pickup.minecraft.yellow_flower":2,"stat.drop.minecraft.diamond":4,"stat.useItem.minecraft.spawn_egg":2,"stat.mineBlock.minecraft.tallgrass":6}