{"stat.chestOpened":1,"stat.useItem.minecraft.air":22,"stat.walkOneCm":82266,"stat.useItem.minecraft.bread":1,"stat.pickup.minecraft.bone":1,"stat.leaveGame":1,"stat.pickup.minecraft.arrow":2,"stat.pickup.minecraft.stonebrick":4,"stat.pickup.twilightforest.naga_scale":11,"stat.killEntity.betteranimalsplus.feralwolf":3,"stat.useItem.minecraft.cooked_porkchop":21,"stat.killEntity.ZombieVillager":1,"stat.pickup.twilightforest.etched_nagastone":1,"stat.pickup.minecraft.gold_nugget":4,"stat.killEntity.Creeper":1,"stat.talkedToVillager":4,"stat.drop.minecraft.red_flower":2,"stat.pickup.minecraft.string":2,"stat.pickup.minecraft.stone_brick_stairs":1,"stat.mineBlock.minecraft.grass":5,"stat.jump":486,"stat.useItem.iceandfire.dread_queen_sword":115,"stat.swimOneCm":24101,"stat.fallOneCm":13790,"stat.pickup.zawa.thick_fur":2,"stat.pickup.zawa.large_meat_raw":1,"stat.pickup.mowziesmobs.barako_mask":3,"stat.useItem.minecraft.yellow_flower":24,"stat.entityKilledBy.myrmex_sentinel":1,"stat.crouchOneCm":518,"stat.pickup.iceandfire.chared_stone":1,"stat.pickup.minecraft.chicken":4,"stat.useItem.iceandfire.dragonsteel_fire_axe":1,"stat.pickup.minecraft.dirt":5,"stat.sprintOneCm":74505,"stat.pickup.mowziesmobs.wrought_axe":1,"stat.useItem.minecraft.water_bucket":28,"stat.pickup.mowziesmobs.wrought_helmet":1,"stat.pickup.iceandfire.fire_dragon_heart":1,"stat.pickup.zawa.carnivore_meat_raw":3,"stat.killEntity.camocreepers:CamoCreeper":1,"stat.pickup.mowziesmobs.barakoa_mask_rage":2,"stat.pickup.mowziesmobs.barakoa_mask_fear":3,"stat.damageTaken":2551,"stat.killEntity.Spider":2,"stat.pickup.minecraft.feather":7,"stat.pickup.iceandfire.witherbone":4,"stat.pickup.minecraft.leather":1,"stat.useItem.minecraft.diamond_pickaxe":1,"stat.pickup.iceandfire.dread_queen_sword":1,"stat.killEntity.twilightforest.naga":1,"stat.useItem.iceandfire.dragonsteel_fire_sword":24,"stat.pickup.iceandfire.dragonscales_red":7,"stat.mobKills":55,"stat.drop.iceandfire.dread_queen_sword":1,"stat.killEntity.if_cockatrice":4,"stat.pickup.iceandfire.dragonbone":3,"stat.flyOneCm":578119,"stat.deaths":2,"stat.pickup.minecraft.water_bucket":1,"tombstone:undead_killed":1,"stat.pickup.mowziesmobs.barakoa_mask_misery":1,"stat.pickup.minecraft.diamond":5,"stat.drop":10,"stat.pickup.minecraft.wheat_seeds":10,"stat.playOneMinute":47315,"stat.drop.iceandfire.fire_dragon_heart":1,"stat.pickup.minecraft.red_flower":3,"stat.sneakTime":690,"stat.useItem.mowziesmobs.spawn_egg":10,"stat.damageDealt":20769,"stat.pickup.zawa.bush_meat_raw":4,"stat.killEntity.firedragon":2,"stat.timeSinceDeath":34328,"stat.pickup.zawa.care_guide":1,"stat.useItem.mowziesmobs.wrought_axe":7,"stat.pickup.minecraft.stone_slab":2,"stat.pickup.minecraft.yellow_flower":3,"stat.pickup.twilightforest.twilight_sapling":3,"stat.drop.minecraft.diamond":6,"stat.useItem.minecraft.spawn_egg":2,"stat.mineBlock.minecraft.tallgrass":32,"stat.diveOneCm":1521,"stat.pickup.twilightforest.trophy":1}